ID	Description	setSize	enrichmentScore	NES	pvalue	p.adjust	qvalue	rank	leading_edge	core_enrichment
GO:0140097	catalytic activity, acting on DNA	236	-0.597142715654866	-2.40129933672029	8.1895258055983e-19	1.47329569242713e-15	1.20170515505306e-15	3552	tags=46%, list=18%, signal=38%	HLTF/ZRANB3/CHD4/WAPL/NEIL2/TDG/EXO5/DNASE1L2/SMARCA5/MUTYH/APTX/TWNK/TATDN1/ENDOG/PMS1/TDP2/MLH1/SMARCA4/TOP2B/APEX2/ERCC2/ERCC6/PMS2P1/WRNIP1/G3BP1/ALKBH4/UNG/PDS5B/CHD1L/PRIMPOL/POLD3/CHD7/DCLRE1A/CHD1/ALKBH1/RAD1/PMS2P5/LIG3/DDX1/RECQL/DNA2/POLE4/MSH6/DHX9/DCLRE1B/ANKLE1/FANCM/TTF2/REXO2/ZGRF1/GEN1/DKC1/POLE/PTGES3/RUVBL1/XRCC5/RBBP8/PIF1/XRCC6/RUVBL2/POLD1/NTHL1/RAD51C/NME1/LIG1/MSH2/TOP1/DNMT1/POLE3/DSCC1/POLB/RFC5/RAD54B/TDP1/CHTF18/DDX12P/CDK7/RECQL4/HELLS/ATAD5/PCNA/XRCC2/POLA1/MCM7/RFC4/XRCC3/DNMT3B/MCM6/MCM3/POLE2/BRIP1/RFC2/MCM8/NEIL3/MCM4/RAD54L/FEN1/RFC3/MCM2/DMC1/BLM/EXO1/RAD51/POLQ/MCM5/ERCC6L/TOP2A/EME1
GO:0003735	structural constituent of ribosome	155	-0.645619894712834	-2.48965308540976	3.06623121042919e-17	1.62558429416871e-14	1.32592054420361e-14	5821	tags=75%, list=29%, signal=54%	RPL32/RPS4X/MRPS24/RPL7/MRPL4/RPL36AL/RPS27/RPS20/RPL27/MRPL2/RPS26/MRPS11/RPS11/RPL31/RPL18/RPS3/RPL14/RPS23/RPL7A/RPS6/MRPS25/RPS8/RPS21/RPL37/RPL13/RPSA/RPL36/RSL24D1/RPL38/RPL39/RPS29/RPL11/RPL10A/RPL27A/RPL15/RPL12/MRPL9/MRPS21/MRPS14/RPL8/RPL35A/FAU/RPL30/RPL24/RPS24/RPS15A/RPL22/MRPL54/MRPL37/RPS9/RPS25/RPL34/MRPS12/RPS18/RPL6/RPL23/MRPS9/MRPL14/MRPL49/RPL36A/DAP3/RPS3A/MRPL57/MRPL19/MRPS18B/SRBD1/RPL26/MRPL43/RPL35/MRPS35/MRPS18A/MRPL30/RPS7/MRPS33/RPL9/MRPS16/RPL7L1/MRPL41/MRPL35/MRPL28/MRPL22/MRPL32/MRPL11/RPS10/MRPS34/MRPS6/MRPS15/MRPL15/MRPL27/RPL17/MRPL20/MRPS22/MRPL24/MRPL36/MRPL33/MRPL21/RPL39L/MRPL16/MRPL51/MRPS18C/MRPL17/MRPS17/MRPL46/MRPL3/MRPL52/MRPL47/MRPL42/MRPL1/MRPL23/MRPS7/MRPL12/MRPL18/MRPS23/RPL26L1/MRPS30/MRPL13/RPL22L1
GO:0016887	ATP hydrolysis activity	363	-0.511612133325205	-2.16035783480669	4.51802194043554e-17	1.62558429416871e-14	1.32592054420361e-14	3511	tags=39%, list=18%, signal=33%	DHX16/DDX50/TOR1A/YME1L1/SMCHD1/ATAD3B/ABCF1/VWA8/DDX5/DHX33/HSPA9/CHD4/PFN2/HSPA1B/AFG1L/ATP5PO/ATP8B4/OLA1/DDX19A/SMARCA5/ABCG2/KIF7/TWNK/KIF2A/VPS4A/AQR/ABCB10/DDX31/BCS1L/SMC5/MYO19/RHOBTB3/PMS1/MLH1/SMARCA4/PSMC5/ERCC2/MTREX/CLPB/ERCC6/TOR1B/PMS2P1/WRNIP1/G3BP1/NSF/AFG3L2/CHD1L/ATAD3A/CHD7/DDX27/ATP2A2/CHD1/ATP13A3/PSMC4/PMS2P5/KATNA1/ENTPD1/ABCD3/EIF4A3/ABCF2/DDX1/RECQL/KIF5B/DNA2/HSPA2/DDX47/DHX9/ATP5F1C/VCP/FANCM/HSPA14/KIF5C/SWSAP1/FIGNL1/ACTB/HSPA1A/PSMC1/DHX15/ABCE1/HSP90AB1/TRAP1/DDX18/RIOK1/RUVBL1/XRCC5/CCT3/PIF1/XRCC6/SMC2/RUVBL2/DDX10/PSMC6/PSMC3/TCP1/PSMC2/MSH2/CCT4/CCT7/AK6/HSP90B1/HSPA5/CCT5/SMC1A/RFC5/CHTF18/DDX21/CCT8/CCT2/CCT6A/DDX39A/RECQL4/ATAD5/HSPA8/HSPD1/MCM7/RFC4/SMC4/MCM6/HSP90AA1/MCM3/BRIP1/RFC2/MCM8/MCM4/ATAD2/RAD54L/KIF22/KIF20B/KIFC1/ORC1/KIF14/KIF20A/KIF18B/MCM2/KIF15/BLM/POLQ/TRIP13/MCM5/KIF18A/KIF2C/ERCC6L/KIF23
GO:0016853	isomerase activity	395	-0.505757737046929	-2.15326534231858	4.4195742057328e-17	1.62558429416871e-14	1.32592054420361e-14	3267	tags=36%, list=17%, signal=30%	DDX19A/SMARCA5/PPIL4/HSD17B4/FKBP7/KIF7/BPGM/TWNK/KIF2A/ERP44/PMM1/AQR/QSOX2/ECHS1/DDX31/PIN1/MYO19/RPE/DEGS1/SMARCA4/TOP2B/TMX3/MYH15/PSMC5/ERCC2/MTREX/EIF4H/ERCC6/PGAM1/PPIE/WRNIP1/G3BP1/PPIB/HYI/DDT/CHD1L/DDX27/PPIA/PTPA/PPIG/PSMC4/SDSL/NAXE/CRELD2/KIFC3/KATNA1/DQX1/MYO1F/EIF4A3/FKBP2/DDX1/RECQL/KIF5B/DNA2/DDX47/TPI1/DHX9/PGM2L1/RPUSD2/FANCM/PDIA6/TTF2/MYH10/RPIA/PDIA4/GLRX2/DYNC1I2/KIF5C/PPIF/ZGRF1/PUS7/FIGNL1/PIN4/PSMC1/EBPL/FAHD2A/DHX15/DDX18/DKC1/MYL6/TMX1/PTGES3/RUVBL1/XRCC5/PIF1/XRCC6/FKBP3/RUVBL2/DDX10/PSMC6/PSMC3/PSMC2/TOP1/DSCC1/RFC5/RAD54B/CHTF18/FUOM/DDX21/PPIH/PGM2/FKBP4/DDX12P/DDX39A/RECQL4/PPIL1/HELLS/HSPD1/KIF24/MCM7/RFC4/GALE/MCM6/MCM3/BRIP1/RFC2/MCM8/MCM4/RAD54L/KIF4A/KIF22/KIF20B/KIFC1/CENPE/KIF14/RFC3/KIF20A/KIF18B/MCM2/KIF15/BLM/RAD51/POLQ/KIF11/MCM5/KIF18A/KIF2C/ERCC6L/TOP2A/KIF23/ACTC1
GO:0120543	macromolecular conformation isomerase activity	262	-0.550687003497505	-2.22846324070237	2.94892918001507e-15	8.84187265807853e-13	7.21194259112459e-13	2577	tags=32%, list=13%, signal=29%	TOP2B/MYH15/PSMC5/ERCC2/MTREX/EIF4H/ERCC6/WRNIP1/G3BP1/CHD1L/DDX27/PSMC4/KIFC3/KATNA1/DQX1/MYO1F/EIF4A3/DDX1/RECQL/KIF5B/DNA2/DDX47/DHX9/FANCM/TTF2/MYH10/DYNC1I2/KIF5C/ZGRF1/FIGNL1/PSMC1/DHX15/DDX18/MYL6/RUVBL1/XRCC5/PIF1/XRCC6/RUVBL2/DDX10/PSMC6/PSMC3/PSMC2/TOP1/DSCC1/RFC5/RAD54B/CHTF18/DDX21/DDX12P/DDX39A/RECQL4/HELLS/KIF24/MCM7/RFC4/MCM6/MCM3/BRIP1/RFC2/MCM8/MCM4/RAD54L/KIF4A/KIF22/KIF20B/KIFC1/CENPE/KIF14/RFC3/KIF20A/KIF18B/MCM2/KIF15/BLM/RAD51/POLQ/KIF11/MCM5/KIF18A/KIF2C/ERCC6L/TOP2A/KIF23/ACTC1
GO:0005201	extracellular matrix structural constituent	149	0.619491127999094	2.34062058749454	5.38283345385295e-13	1.21046467293518e-10	9.87324978246185e-11	2218	tags=44%, list=11%, signal=40%	HMCN1/COL7A1/ASPN/ELN/FN1/COL14A1/MFAP4/PRG4/COL16A1/ABI3BP/OGN/COL6A3/COL24A1/MGP/COL3A1/FCGBP/COL5A3/COL6A1/COL1A1/TNXB/COL10A1/LTBP2/COL11A1/LAMA2/AGRN/LUM/COL6A2/CHI3L1/LAMA5/PXDN/NID1/BGN/COL1A2/LAMB1/SRPX/MFAP2/PODN/NID2/FBLN1/ECM1/DPT/LAMC2/LAMA4/SPOCK1/FBN1/COL27A1/COL17A1/POSTN/PCOLCE/HSPG2/COL11A2/THBS3/MFGE8/COLQ/LAMC1/DCN/IMPG2/AEBP1/COL4A2/CTHRC1/VCAN/LTBP4/SRPX2/FRAS1/COL28A1/LTBP1
GO:0003697	single-stranded DNA binding	115	-0.642303146499601	-2.38205812338451	1.44404277439e-12	2.88648105680846e-10	2.3543808508768e-10	1988	tags=54%, list=10%, signal=49%	HMCES/POLR2H/PCBP1/NOL12/TERF2IP/POLR2G/HLTF/ZRANB3/SUB1/APTX/TWNK/RAD23B/SMC5/RNF138/TDP2/MLH1/YBX1/HNRNPDL/SPRTN/WBP11/HNRNPA1/RPA2/NUCKS1/RECQL/DHX9/TSNAX/HNRNPU/TSN/RPA1/SWSAP1/FUBP1/SMC2/SSBP1/MSH2/TOP1/RAD18/RPA3/TDP1/MMS22L/RECQL4/BRCA2/HNRNPA2B1/HSPD1/POLA1/MCM7/SMC4/HMGB1/MCM6/MCM3/MCM8/NEIL3/MCM4/RAD54L/RAD51AP1/MCM2/DMC1/HMGB2/BLM/RAD51/MCM5/CDC45/MCM10
GO:0120545	nucleic acid conformation isomerase activity	155	-0.577764597321854	-2.22798805325335	6.04362061521302e-12	1.08724734867682e-09	8.86821803958627e-10	2577	tags=35%, list=13%, signal=31%	TOP2B/ERCC2/MTREX/EIF4H/ERCC6/WRNIP1/G3BP1/CHD1L/DDX27/DQX1/EIF4A3/DDX1/RECQL/DNA2/DDX47/DHX9/FANCM/TTF2/ZGRF1/DHX15/DDX18/RUVBL1/XRCC5/PIF1/XRCC6/RUVBL2/DDX10/TOP1/DSCC1/RFC5/RAD54B/CHTF18/DDX21/DDX12P/DDX39A/RECQL4/HELLS/MCM7/RFC4/MCM6/MCM3/BRIP1/RFC2/MCM8/MCM4/RAD54L/RFC3/MCM2/BLM/RAD51/POLQ/MCM5/ERCC6L/TOP2A
GO:0015631	tubulin binding	361	-0.457393779038221	-1.9267481068484	1.02681035144369e-11	1.67930165658836e-09	1.36973553101675e-09	923	tags=16%, list=5%, signal=15%	CETN3/MTUS2/HAUS6/CEP135/CEP57L1/CRYAB/DRG1/SKA2/EZR/CCT5/POLB/TBCA/MAPRE1/VBP1/NEFH/BRCA2/HSPH1/PSRC1/CACYBP/KIF24/HAUS8/BRCA1/KNSTRN/KIF4A/KIF22/KIF20B/KIFC1/KNL1/RGS2/PLK1/STMN1/CENPE/SPAG5/KIF14/KIF20A/PDE4B/SKA1/KIF18B/DIAPH3/GAS2L3/KIF15/CENPF/NDC80/RACGAP1/NUSAP1/SKA3/KIF11/KIF18A/PRC1/KIF2C/BIRC5/SPC24/GTSE1/FAM83D/KIF23/DLGAP5/NUF2
GO:0140098	catalytic activity, acting on RNA	370	-0.43635466742104	-1.84576878758195	2.22785571842672e-10	2.86279459817834e-08	2.33506080562921e-08	4318	tags=42%, list=22%, signal=33%	DHX38/POLR2L/SUPV3L1/METTL1/POLR2E/MED21/POP4/DHX29/METTL2B/RPP38/TRNT1/DTWD1/POLR1B/DDX24/DDX20/TRMU/TSEN2/DTD2/DHX16/DDX50/ELAC1/RNASEH1/LRRC47/FXR1/GATB/POLR2H/DDX5/DHX33/USB1/ELAC2/METTL6/RTCB/EXOSC2/ELP3/TRUB1/NARS2/ERI2/PPP1R8/TFB2M/TYW1/DDX19A/OSGEPL1/MTO1/AQR/MRM1/DIS3/DDX31/ENDOG/DIMT1/TDP2/TOE1/TGS1/TRMT61B/CDK5RAP1/METTL5/MTREX/EIF4H/SPOUT1/RPP30/MRM2/PDE12/G3BP1/NUDT12/LARS2/PRIMPOL/DDX27/METTL15/METTL14/NAT10/POLR2J/THUMPD3/PTRH1/POLR2C/DTD1/POLR2I/AARS2/ALKBH1/MARS2/FARS2/EARS2/FDXACB1/EIF4A3/NOP2/POLR3B/DCPS/DDX1/DUS4L/RIDA/TFB1M/POLR1C/POLR2F/QTRT2/SLFN12/JMJD6/CNOT6/RTCA/DDX47/DHX9/FTSJ1/FANCM/NSUN2/FTSJ3/TSNAX/LCMT2/DUS3L/REXO2/POLR3F/EXOSC3/BUD23/PUS7/EXOSC4/FBL/DUS2/DHX15/NT5C3A/SLFN13/POLR2K/DDX18/DBR1/TRMT10C/TARS2/YARS2/EMG1/ETF1/FARSA/CNOT7/MRPL58/POP5/CPSF3/PIF1/EXOSC7/DDX10/POP7/RNGTT/ERI1/PNPT1/RPP40/TYW1B/POLR3K/DARS2/RAD54B/DDX21/DDX12P/POP1/DDX39A/FARSB/PRIM2/POLR3G/EXOSC9/LACTB2/BRIP1/PRIM1/RNASEH2A/FEN1/EXO1
GO:0051082	unfolded protein binding	109	-0.592932325501319	-2.18595653999323	2.6540395051875e-09	2.9841356686452e-07	2.43403359883643e-07	3606	tags=57%, list=18%, signal=47%	LMAN1/HSPB2/HSPA9/HSPA1B/CCAR2/DNAJA3/CANX/DNAJB4/HSPB6/NUDCD2/DNAJB6/HYOU1/PFDN5/PFDN1/PFDN4/PPIB/AFG3L2/PPIA/SHQ1/MKKS/DNAJA4/HSPA2/NUDC/SRSF10/NDUFAF1/DNAJA2/NPM1/HSPA1A/TTC1/HSP90AB1/TRAP1/DNAJA1/AHSA1/NAP1L4/PTGES3/RP2/GRPEL1/PET100/CCT3/RUVBL2/HSPE1/CALR/TCP1/PFDN6/CCT4/CCT7/HSP90B1/CRYAB/HSPA5/CCT5/CCT8/CCT2/CCT6A/DNAJB11/VBP1/PFDN2/HSPA8/HSPD1/HSP90AA1/CHAF1A/TUBB4B/CHAF1B
GO:0003684	damaged DNA binding	72	-0.643656188069935	-2.20903840346605	8.03927045954362e-08	8.50743973924645e-06	6.93915976507975e-06	3482	tags=54%, list=18%, signal=45%	NEIL2/TDG/MUTYH/SDE2/APTX/RAD23B/KDM4D/ERCC2/UNG/DCLRE1A/RAD1/RPA2/CYREN/MSH6/DCLRE1B/RPA1/PARP1/XRCC5/RBBP8/XRCC6/POLD1/NTHL1/MSH2/RAD18/PARP2/POLB/RPA3/CUL4B/RECQL4/PCNA/FANCG/HMGB1/BRCA1/NEIL3/AUNIP/FEN1/HMGB2/BLM/POLQ
GO:0004252	serine-type endopeptidase activity	114	0.566911222191844	2.07122866124732	1.00782359735953e-07	1.00726369536099e-05	8.21582511531684e-06	2265	tags=23%, list=11%, signal=20%	CFB/DPP4/PCSK9/FAP/MMP2/C1S/C1R/CTSS/C2/MMP14/CTSK/PCSK4/C1RL/KLKB1/PCSK5/MMP19/PRSS27/MMP3/TPP1/PLAU/TLL2/ELANE/HTRA1/RHBDL3/RHBDL1/BMP1
GO:0015453	oxidoreduction-driven active transmembrane transporter activity	53	-0.690287788460858	-2.23420775567905	1.06979862346089e-07	1.01293038084534e-05	8.26204587869521e-06	4130	tags=77%, list=21%, signal=61%	COX6B1/NDUFC2/NDUFV3/NDUFS2/NDUFV1/SURF1/NDUFB4/COX7A2L/CYC1/NDUFA8/NDUFA7/UQCRC1/NDUFC1/NDUFS1/NDUFA6/COX4I1/NDUFB7/NDUFA2/NDUFB8/NDUFS3/NDUFA9/UQCRFS1/COX7B/NDUFA5/UQCR10/COX8A/NDUFB10/COX5B/UQCRH/NDUFB1/NDUFA1/NDUFB2/NDUFB5/NDUFV2/NDUFS5/NDUFS6/NDUFA12/NDUFB9/COX7A2/NDUFB3/NDUFB6
GO:0008137	NADH dehydrogenase (ubiquinone) activity	33	-0.768515916834553	-2.23229546913278	1.13865537438975e-07	1.02422050926358e-05	8.3541346942069e-06	3936	tags=85%, list=20%, signal=68%	NDUFC2/NDUFV3/NDUFS2/NDUFV1/NDUFB4/NDUFA8/NDUFA7/NDUFC1/NDUFS1/NDUFA6/NDUFB7/NDUFA2/NDUFB8/NDUFS3/NDUFA9/NDUFA5/NDUFB10/NDUFB1/NDUFA1/NDUFB2/NDUFB5/NDUFV2/NDUFS5/NDUFS6/NDUFA12/NDUFB9/NDUFB3/NDUFB6
GO:0030546	signaling receptor activator activity	365	0.409042208561677	1.71539881084774	1.72998799347123e-07	1.48202304774035e-05	1.20882369067614e-05	2388	tags=22%, list=12%, signal=19%	C3/IL6/TNFSF14/CXCL6/CXCL1/DPP4/IL16/IL32/CXCL12/UCN2/CXCL3/FN1/GPNMB/TG/CLU/CCL8/ADM2/GDF15/OGN/GDF7/CX3CL1/GDF5/STC2/INHA/CSF1/INHBE/CXCL2/FGF11/CXCL5/LIF/SEMA3C/EDA/FLRT3/NMB/DLL1/IL17D/LAMA5/FLT3LG/ANG/NAMPT/GRN/JAG1/APOE/TNFSF13B/TNFSF10/PRKCE/VEGFB/FBN1/VEGFC/IFNE/PLAU/SEMA5A/TNFRSF14/IGFBP5/PGF/UTS2B/NCR3LG1/CSPG5/JAG2/F2RL2/TNFSF4/EFNA5/SEMA4D/IGF2/SECTM1/FGF12/PDGFD/GAS6/VEGFA/ULBP1/S100A4/SEMA6C/APOB/BMP1/FGF18/CLEC2B/FGF1/CMTM8/PTK2B
GO:0048018	receptor ligand activity	355	0.416802514286032	1.7443674295718	2.24242110164351e-07	1.75396328776377e-05	1.43063387445815e-05	2351	tags=22%, list=12%, signal=19%	C3/IL6/TNFSF14/CXCL6/CXCL1/DPP4/IL16/IL32/CXCL12/UCN2/CXCL3/FN1/GPNMB/TG/CLU/CCL8/ADM2/GDF15/OGN/GDF7/CX3CL1/GDF5/STC2/INHA/CSF1/INHBE/CXCL2/FGF11/CXCL5/LIF/SEMA3C/EDA/FLRT3/NMB/DLL1/IL17D/LAMA5/FLT3LG/ANG/NAMPT/GRN/JAG1/APOE/TNFSF13B/TNFSF10/VEGFB/FBN1/VEGFC/IFNE/PLAU/SEMA5A/TNFRSF14/IGFBP5/PGF/UTS2B/NCR3LG1/CSPG5/JAG2/F2RL2/TNFSF4/EFNA5/SEMA4D/IGF2/SECTM1/FGF12/PDGFD/GAS6/VEGFA/ULBP1/S100A4/SEMA6C/APOB/BMP1/FGF18/CLEC2B/FGF1/CMTM8
GO:0046873	metal ion transmembrane transporter activity	351	0.413206538362651	1.7280591067295	4.1934675167655e-07	3.14335335944214e-05	2.56390075367154e-05	4135	tags=28%, list=21%, signal=22%	SLC39A8/SLC9A9/CACNA1G/CACNB4/P2RX7/SLC39A14/SLC1A3/SLC6A9/SCN2A/TPCN1/HCN3/FAIM2/SLC6A7/CACNA2D4/SLC6A6/CACNA2D3/SLC46A3/SLC41A2/SLC13A3/SLC11A2/KCNJ14/CACNB2/KCNS2/GRIA3/ITPR3/SCN3A/SLC23A2/SCN8A/GRIN2D/SLC25A37/PKD1L2/ATP2A3/KCNC3/SCNN1D/KCNMA1/SLC5A3/KCNC4/KCNJ2/CACNA1B/GRIK2/PKD1/GRIA1/SLC9A3/ASIC3/HCN2/CACNB1/MCOLN2/GRINA/MCOLN3/TRPV3/SLC9A7/SLC38A7/CACNA1C/ORAI3/SLC4A8/SLC12A8/SLC9A8/TRPC1/SLC6A8/SLC6A15/NIPAL3/SLC12A6/CNNM2/SLC12A9/KCND1/SLC4A11/TRPV1/KCNK2/KCNS3/ATP13A1/TRPM7/KCNB1/TMEM175/CACNA1A/PANX1/TMEM94/SLC4A5/KCNIP2/MCOLN1/SLC1A2/SLC31A2/CHP1/ATP1A3/SLC30A4/GRIK5/CHRNA7/SLC12A7/CACHD1/SLC8B1/SLC39A11/SLC12A4/ASIC1/PKD2/SLC41A3/SLC9A1/SCN3B/CNNM4
GO:0001227	DNA-binding transcription repressor activity, RNA polymerase II-specific	240	0.446638178606792	1.80261597077282	6.42127297845958e-07	4.44302695701876e-05	3.62398968905775e-05	2941	tags=30%, list=15%, signal=26%	MSC/HIC1/MXD1/ZNF219/ZBTB16/SREBF2/GLIS2/PRDM16/IRX1/NFATC4/POU6F1/MXI1/NR1D1/TFAP2A/SATB1/TP53/CREB3L1/FOXO3/GLIS3/ZNF205/ZBTB46/TRPS1/ZBTB20/FOXP1/NFIL3/MNT/ZEB1/DEAF1/NFE2L1/BACH1/ZFP90/KLF8/PRDM2/ZBED6/NR1D2/NFKB1/ZBTB26/MZF1/JPH2/AEBP1/EN1/TCF7L2/ZFHX3/ZNF224/FOXK1/ETV6/BCL11A/ZBTB7A/FOXP4/ZNF746/PPARA/ZNF512B/ELK3/CEBPB/ETV7/IKZF5/ZBTB25/PROX1/ATF7/SP2/SNAI2/HIVEP1/CC2D1A/ZFP92/BCL6/HINFP/ZBTB4/ZNF668/TBX18/VAX2/ZNF485/TGIF2/JDP2
GO:0017171	serine hydrolase activity	137	0.52357169790779	1.9686740536773	7.58358472607198e-07	4.80436094990564e-05	3.91871458656474e-05	2265	tags=22%, list=11%, signal=20%	CFB/DPP4/PCSK9/FAP/MMP2/C1S/C1R/CTSS/C2/MMP14/ACE/CTSK/PLA2G6/PCSK4/C1RL/KLKB1/PCSK5/MMP19/PRSS27/MMP3/TPP1/CTSA/PLAU/SCPEP1/TLL2/ELANE/HTRA1/RHBDL3/RHBDL1/BMP1
GO:0043021	ribonucleoprotein complex binding	168	-0.4853995045517	-1.8927161409108	7.9886390707424e-07	4.80436094990564e-05	3.91871458656474e-05	3876	tags=56%, list=20%, signal=45%	PITX2/USP16/NEMF/MTIF2/CBX5/PTCD3/RPSA/NAA10/CPEB3/TACO1/DHX29/XPO5/LETM1/IFRD2/FXR1/TTC5/MTIF3/ABCF1/EIF3K/DDX5/EIF6/DHX33/CPSF6/MPV17L2/CCDC47/DERL1/OLA1/LONRF2/ZNF622/EEFSEC/PRPF31/ZNF593/SRPRA/PHF6/SRP68/NCLN/SRP72/PES1/TOP2B/EIF4H/NMD3/CD2BP2/G3BP1/DERL2/SBDS/SEC61B/UNG/SRP54/MALSU1/RBM3/TIMM50/WDR12/PRMT5/SNRPA/UHMK1/GUF1/PYM1/GEMIN5/TMCO1/EIF4A3/SECISBP2L/SLFN12/CKAP5/TMEM223/DHX9/HNRNPU/STRAP/NPM1/PPP1CA/ABCE1/SRP9/DNAJC2/C1QBP/SEC61G/ETF1/SNRPB/MAP3K20/SERBP1/BOP1/MAIP1/NDUFAB1/NAA15/NME1/EIF5A/LETM2/GTPBP4/ERI1/HSPA5/EIF2S1/SRP19/PPIH/TMA16/SNRPD1/EZH2
GO:0045296	cadherin binding	305	-0.416660760998156	-1.72958656967244	8.0117192049566e-07	4.80436094990564e-05	3.91871458656474e-05	3817	tags=34%, list=19%, signal=28%	NCK1/PRDX6/VASP/YWHAB/KLC2/PCBP1/RSL1D1/RPL24/EMD/RAB1A/ANK3/CHMP2B/PTPN11/OLA1/CD2AP/RPL34/CHMP4B/CHMP5/PLCB3/USO1/FNBP1L/RPL6/PKP3/PRDX1/YKT6/CLINT1/GLOD4/MB21D2/EIF5/PACSIN2/DBNL/EIF4H/LRRFIP1/CTNNA1/ATIC/PUF60/ANXA2/VAPA/TBC1D2/RANGAP1/BZW2/PICALM/PTPRJ/TAGLN2/CDH24/KIF5B/HNRNPK/CKAP5/PSMB6/ENO1/PFN1/SNX5/CTNND1/NUDC/PPME1/HSPA1A/PPP1CA/RDX/PARK7/ANXA1/PCMT1/PDLIM5/HSP90AB1/YWHAZ/EHD4/ZC3H15/PAICS/AHSA1/YWHAE/PKP4/CLIC1/CNN3/RUVBL1/TXNDC9/LRRC59/NOP56/SERBP1/PHLDB2/F11R/EPHA2/ARHGAP18/CDH4/HSPA5/ITGA6/RAN/LDHA/EZR/CCT8/BZW1/CDH20/MAPRE1/PFKP/HSPA8/CTNNAL1/KRT18/LIMA1/RANBP1/CIP2A/TMPO/DIAPH3/CCNB2/ANLN/GPRC5A
GO:0022853	active monoatomic ion transmembrane transporter activity	95	-0.559757997804159	-2.00412834515885	1.71727861631716e-06	9.65432572110804e-05	7.87462628666487e-05	4130	tags=56%, list=21%, signal=44%	COX6B1/ATP2C1/ATP6V1B2/NDUFC2/NDUFV3/NDUFS2/NDUFV1/SURF1/NDUFB4/COX7A2L/CYC1/NDUFA8/NDUFA7/UQCRC1/NDUFC1/NDUFS1/NDUFA6/ATP6V0B/ATP6V1F/COX4I1/NDUFB7/NDUFA2/NDUFB8/ATP2A2/NDUFS3/ATP13A3/NDUFA9/UQCRFS1/COX7B/KCNJ8/NDUFA5/UQCR10/COX8A/ATP6V1D/ATP5F1B/ATP6V1C2/NDUFB10/COX5B/UQCRH/NDUFB1/NDUFA1/NDUFB2/NDUFB5/NDUFV2/NDUFS5/NDUFS6/NDUFA12/NDUFB9/ATP6V1E1/COX7A2/NDUFB3/NDUFB6/ATP1B1
GO:0044183	protein folding chaperone	68	-0.607000952038364	-2.08165720269944	2.0936506425254e-06	0.000114135681997066	9.30956617441916e-05	1843	tags=51%, list=9%, signal=47%	DFFA/HSPB6/DNAJB6/HYOU1/PFDN1/MESD/CDC123/HSPA2/HSPA14/ZPR1/DNLZ/HSPA1A/HSP90AB1/TRAP1/AHSA1/HSPA4/CCT3/HSPE1/CALR/TCP1/PDCL3/CCT4/CCT7/HSP90B1/HSPA5/CCT5/CCT8/CCT2/CCT6A/PFDN2/HSPH1/HSPA8/HSPD1/HSP90AA1/ANP32E
GO:0120544	polypeptide conformation or assembly isomerase activity	107	-0.526265620884059	-1.92798510748122	2.59814059092456e-06	0.000137472203619802	0.000112130278134639	2048	tags=27%, list=10%, signal=24%	PSMC4/KIFC3/KATNA1/MYO1F/KIF5B/MYH10/DYNC1I2/KIF5C/FIGNL1/PSMC1/MYL6/PSMC6/PSMC3/PSMC2/KIF24/KIF4A/KIF22/KIF20B/KIFC1/CENPE/KIF14/KIF20A/KIF18B/KIF15/KIF11/KIF18A/KIF2C/KIF23/ACTC1
GO:0000217	DNA secondary structure binding	35	-0.714720670418133	-2.07996774240987	3.15932845180831e-06	0.000162389482422947	0.000132454251483332	1663	tags=49%, list=8%, signal=45%	MSH6/FANCM/HNRNPD/GEN1/RAD51C/MSH2/RAD18/RECQL4/HMGB3/XRCC2/XRCC3/HMGB1/NEIL3/RAD51AP1/HMGB2/BLM/CLSPN
GO:0140662	ATP-dependent protein folding chaperone	32	-0.739524364331239	-2.14003489505215	3.33673363234335e-06	0.000162697486013973	0.000132705477021432	1711	tags=62%, list=9%, signal=57%	HSPA2/HSPA14/HSPA1A/HSP90AB1/TRAP1/HSPA4/CCT3/TCP1/CCT4/CCT7/HSP90B1/HSPA5/CCT5/CCT8/CCT2/CCT6A/HSPH1/HSPA8/HSPD1/HSP90AA1
GO:0051540	metal cluster binding	73	-0.593029500004747	-2.05406741599502	3.3461962104041e-06	0.000162697486013973	0.000132705477021432	4666	tags=62%, list=24%, signal=47%	AIFM3/FBXL5/ISCA1/CDKAL1/GSTP1/RTEL1/DPH2/CIAPIN1/ACO2/NDUFS2/ELP3/NDUFV1/EXO5/TYW1/MUTYH/NDUFS1/CDK5RAP1/ISCA2/NFU1/ERCC2/NFS1/FDX1/UQCRFS1/CISD2/CISD3/DNA2/AOX1/POLR3F/GLRX5/GLRX2/NDUFV2/SDHB/ABCE1/POLE/NUBP1/FXN/POLD1/NTHL1/PPAT/GLRX3/TYW1B/DDX12P/PRIM2/BRIP1/KIF4A
GO:0003777	microtubule motor activity	64	-0.605542959845261	-2.04000469116979	3.98614153466897e-06	0.000186538977057618	0.000152151975669711	329	tags=22%, list=2%, signal=22%	KIF24/KIF4A/KIF22/KIF20B/KIFC1/CENPE/KIF14/KIF20A/KIF18B/KIF15/KIF11/KIF18A/KIF2C/KIF23
GO:0003729	mRNA binding	436	-0.367369080759507	-1.58158092849776	4.04392446094892e-06	0.000186538977057618	0.000152151975669711	3780	tags=28%, list=19%, signal=24%	EIF4G1/PCBP1/FYTTD1/DDX5/RSL1D1/RPL24/PTBP3/DHX33/MIR491/CPSF6/GRSF1/CELF5/LSM14A/PCBP4/G3BP2/PPP1R8/RBM19/CSTF2T/DDX19A/CDC40/LSM8/MIR339/EEFSEC/RBM15/MIR224/EIF4E2/AQR/TARDBP/RPS3A/EIF2S2/NCBP1/NSRP1/MIR25/CRYZ/YBX1/SRBD1/MIR3661/ILF3/RPL26/RPL35/PPIE/G3BP1/SNRNP35/UPF3B/CNBP/RPS7/RBM25/METTL14/CARHSP1/HNRNPC/LSM1/ELAVL1/PAIP2/HNRNPA1/NUDT21/HNRNPL/GEMIN5/EIF4A3/SLBP/RIDA/SECISBP2L/TAF15/DAZAP1/HNRNPK/KHDRBS1/SYNCRIP/RBM8A/GNL3/DHX9/RBM14/SRSF10/HNRNPU/MYH10/STRAP/HNRNPD/TSN/SLC4A1AP/IGF2BP2/EXOSC4/PARK7/EXOSC8/EIF4E/RBMX/SNRPC/FUBP1/SHMT1/SRSF9/C1QBP/CSTF3/SRSF2/SRSF1/ETF1/HNRNPM/NHP2/SERBP1/EXOSC7/SF3B6/PEG10/HNRNPR/NCL/CALR/SRSF7/MRPS7/MRPL12/FUS/CCT5/DDX21/CSTF2/LARP4/HNRNPA3/DDX39A/TRA2B/PUM3/SLIRP/MRPL13/SSB/SRSF3/HNRNPAB/DHFR/HNRNPA2B1/EXOSC9/HSP90AA1/ALYREF/TYMS
GO:0017069	snRNA binding	46	-0.659651919932595	-2.07649441130258	5.13598327441847e-06	0.000230990847766971	0.000188409491698404	4583	tags=61%, list=23%, signal=47%	NCBP2/TUT1/SNU13/RBM7/LSM11/CCNT1/LSM8/LARP7/PRPF31/C9orf78/LSM2/LSM7/TOE1/SNRNP35/SF3B3/SNRPA/GEMIN5/COIL/PRPF4/HNRNPU/EFTUD2/SNRPD3/EIF5A/SNRPB2/DDX21/LSM3/LSM4/SNRPA1
GO:0005178	integrin binding	136	0.503107751266177	1.88801548638607	5.75981228633094e-06	0.000246711959597842	0.000201232539527452	3333	tags=35%, list=17%, signal=29%	ICAM1/FAP/CXCL12/KDR/FN1/GPNMB/ITGB8/COL16A1/CX3CL1/ECM2/ITGB3/COL3A1/MMP14/JAM2/VCAM1/ITGB4/GFRA1/TNXB/ADAM17/LAMA5/LAMB1/FBLN1/DST/ITGA5/FBN1/ITGAV/S1PR2/S1PR3/HSPG2/MFGE8/ADAM23/CD81/IGF2/LTBP4/NISCH/FGF1/FERMT1/COL5A1/LAMB2/ADAM11/SRC/EMILIN1/ADAMTS13/CDH26/ITGB2/ITGB5/TLN2
GO:0009055	electron transfer activity	100	-0.540392596736956	-1.96393120903491	6.0268323761892e-06	0.00024944238617198	0.000203459633318943	4130	tags=57%, list=21%, signal=45%	COX6B1/IDH3B/SDHC/NDUFC2/SDHA/CIAPIN1/NDUFV3/SDHD/NDUFS2/NDUFV1/SURF1/NDUFB4/COX7A2L/CYC1/NDUFA8/NDUFA7/QDPR/UQCRC1/NDUFC1/NDUFS1/DEGS1/NDUFA6/ETFA/COX4I1/NDUFB7/NDUFA2/NDUFB8/NDUFS3/CYBA/ME2/FDX1/NDUFA9/DHRS3/UQCRFS1/COX7B/NDUFA5/UQCR10/COX8A/NDUFB10/COX5B/UQCRH/NDUFB1/NDUFA1/NDUFB2/NDUFB5/GLRX2/NDUFV2/SDHB/NDUFS5/NDUFS6/NDUFA12/NDUFB9/STEAP4/COX7A2/NDUFB3/NDUFB6/CYCS
GO:0042379	chemokine receptor binding	39	0.694480692387196	2.10831574436343	6.4386968184072e-06	0.000257404790584768	0.00020995423075695	428	tags=23%, list=2%, signal=23%	C3/CXCL6/CXCL1/CXCL12/CXCL3/CCL8/CX3CL1/CXCL2/CXCL5
GO:0030515	snoRNA binding	32	-0.722586565308254	-2.09102030851131	1.03075651927096e-05	0.00040222251637984	0.000328075941507561	3587	tags=69%, list=18%, signal=56%	NUDT16L1/SDE2/NOP14/NUFIP1/BMS1/NUDT5/RRP9/WDR3/TSR1/NOP10/UTP6/IMP4/TBL3/DKC1/XRCC5/NOP56/NHP2/GAR1/BYSL/DDX21/NOP58/NUDT1
GO:0003688	DNA replication origin binding	16	-0.849950545168944	-2.15403388224465	1.12630085948505e-05	0.0004221281762945	0.000344312148710999	333	tags=62%, list=2%, signal=61%	ORC5/DHX9/HSPD1/POLA1/ORC1/MCM2/MCM5/CDC6/CDC45/MCM10
GO:0140104	molecular carrier activity	103	-0.510483940071321	-1.85544344530933	2.08175167266058e-05	0.000720206011368535	0.000587441666333774	3735	tags=48%, list=19%, signal=39%	MYD88/RANBP6/SCO2/CD14/RBP4/IPO5/TNPO3/XPO4/EMC1/DPH3/HIKESHI/IPO4/NUTF2/PEX19/KPNA1/MMADHC/TIMM9/HIRIP3/MTCH1/XPO1/VPS72/EMC4/MTCH2/ASF1A/NFS1/EMC2/PWP1/SCO1/MTRR/KPNB1/SPTY2D1/EMC7/KPNA3/PARK7/NUBP1/FXN/IPO11/NDUFAB1/CALR/WRAP53/TIMM10/RAN/EMC6/COX17/PTMA/CSE1L/ANP32E/KPNA2/ASF1B
GO:0042393	histone binding	158	-0.456844828948753	-1.77011074653304	2.22238884429343e-05	0.000754354251110167	0.0006152949451728	2489	tags=28%, list=13%, signal=25%	VPS72/WDR5/RCC1/ASF1A/CHD7/IPO7/CHD1/NOC2L/RNF8/NPM3/RBBP7/SPTY2D1/ANP32B/SET/FH/NPM1/DNAJC2/ANP32A/SSRP1/NAP1L4/HDAC2/NAP1L3/NCAPD2/WRAP53/YEATS4/DEK/NASP/PTMA/HAT1/DNAJC9/TONSL/NCAPD3/ANP32E/CKS1B/VRK1/CKS2/ATAD2/UHRF1/EZH2/MCM2/CHAF1B/ASF1B/HJURP/SAMD11
GO:0010997	anaphase-promoting complex binding	9	-0.909468332542994	-1.97754991987635	2.45000968346772e-05	0.000816216188992303	0.000665753118665499	450	tags=67%, list=2%, signal=65%	FBXO5/CCNF/UBE2S/PLK1/CLSPN/CDC20
GO:0005518	collagen binding	69	0.582425541256512	1.9756620502492	2.65763264722922e-05	0.000853764487922388	0.000696379682375477	1483	tags=32%, list=7%, signal=30%	LRRC15/CTSS/ITGA11/FN1/COL14A1/ITGA10/ECM2/C1QTNF1/COL5A3/COL6A1/TNXB/CTSK/LUM/COL6A2/DDR2/NID1/PODN/NID2/SPOCK1/PCOLCE/HSPG2/MRC2
GO:0019825	oxygen binding	17	0.808349127462322	2.06836064111022	3.29636411159052e-05	0.00104037877837743	0.000848593088006868	362	tags=12%, list=2%, signal=12%	SOD2/CYP19A1
GO:0003689	DNA clamp loader activity	9	-0.9043802278061	-1.96648633387261	3.6268363135117e-05	0.0011249445737944	0.000917569840478277	638	tags=67%, list=3%, signal=65%	DSCC1/RFC5/CHTF18/RFC4/RFC2/RFC3
GO:0070182	DNA polymerase binding	22	-0.750808242386959	-2.02773440618079	3.69250623598383e-05	0.00112590147771778	0.000918350346647897	1262	tags=64%, list=6%, signal=60%	CDK2AP1/SMARCA4/NAT10/PAXX/HSP90AB1/PTGES3/PCNA/HNRNPA2B1/HMGB1/HSP90AA1/CDT1/FANCI/FANCD2/RAD51
GO:0032266	phosphatidylinositol-3-phosphate binding	44	0.648329373180962	2.03982213719805	4.4650874425541e-05	0.00131683480477948	0.00107408660826927	2785	tags=50%, list=14%, signal=43%	SH3PXD2B/OBSCN/SNX21/PLEKHF1/ZFYVE1/SH3PXD2A/ZFYVE26/WIPI1/ATG2A/VPS13B/JPH2/PHLDA3/DENND1A/SAP30L/PLEKHA5/DAB2IP/RUBCNL/WASHC2C/TECPR1/SESTD1/WDR45/RBSN
GO:0004518	nuclease activity	196	-0.410960252886997	-1.61634879706316	7.56526722981513e-05	0.0021603040867361	0.00176206892537382	3514	tags=36%, list=18%, signal=30%	USB1/ZRANB3/ELAC2/NEIL2/EXOSC2/EXO5/ERI2/PPP1R8/DNASE1L2/APTX/MRPL44/TATDN1/DIS3/ENDOG/TDP2/TOE1/APEX2/RPP30/PDE12/G3BP1/NUDT12/DCLRE1A/TRIR/ALKBH1/RAD1/DCPS/DDX1/RIDA/SLFN12/DNA2/CNOT6/LAS1L/DCLRE1B/ANKLE1/FANCM/HARBI1/TSNAX/REXO2/TSN/EXOSC3/EXOSC4/GEN1/SLFN13/DBR1/POLE/RBBP8/CNOT7/POP5/CPSF3/EXOSC7/POLD1/NTHL1/POP7/ENDOD1/RAD51C/PLSCR1/NME1/ERI1/PNPT1/RPP40/POLB/TDP1/POP1/EXOSC9/XRCC3/LACTB2/NEIL3/RNASEH2A/FEN1/EXO1/EME1
GO:0016705	oxidoreductase activity, acting on paired donors, with incorporation or reduction of molecular oxygen	148	0.456583211520359	1.73265271570112	8.34122689457378e-05	0.0023446667473966	0.00191244577155195	3609	tags=31%, list=18%, signal=26%	CH25H/CYP7B1/FAXDC2/SCD/MSMO1/FADS1/FADS2/CYP19A1/CYP27A1/SQLE/CYP1B1/AKR1C1/TET3/PHYHD1/FADS3/CYP51A1/CYP2G1P/CYP2J2/KDM6B/SC5D/KDM3A/FMO2/KDM8/AKR1C3/AKR1C2/KDM4B/PHF2/CTHRC1/PTGIS/KDM4C/HSPBAP1/CYP2U1/TET1/PTGS1/FMO5/CYP46A1/KDM5B/CYP4V2/KDM5D/UTY/KDM4A/POR/KDM2A/CYP2R1/ALKBH5/EGLN1
GO:0008574	plus-end-directed microtubule motor activity	18	-0.776331735697863	-2.02580542623112	0.000124260542785602	0.00338704115865602	0.00276266661312805	156	tags=44%, list=1%, signal=44%	KIF5B/KIF5C/KIF20B/KIF14/KIF18B/KIF15/KIF11/KIF18A
GO:0046982	protein heterodimerization activity	229	-0.398476780417101	-1.60047277999105	0.000138196901195335	0.00365612095956481	0.00298214365737301	2814	tags=29%, list=14%, signal=25%	TLR4/TPM2/MCL1/SRI/PDCD6/TCOF1/TAF9B/NAE1/RCC1/TENM2/AHR/UBA3/MLX/TPM1/CYBA/VAPA/HIF1A/MICU2/PRMT5/TUBB2B/UBA2/DRAP1/CAV2/KATNA1/BAK1/QTRT2/POLE4/TAF13/CHUK/DR1/MLXIPL/SEPHS1/TAF12/MAPK4/PPP2CA/BUD23/NR4A1/GTF2A2/SAE1/YWHAE/TUBA1A/PAFAH1B3/NFYB/TRMT112/CEBPA/ITGA3/NOLC1/BARD1/POLE3/LSM5/RAN/PDSS1/GABBR2/SMC1A/FZD4/PDGFA/LSM6/YWHAH/NPAS1/ATP1B1/NR4A2/CENPW/BIRC5/AURKA/TOP2A/CENPA
GO:0001228	DNA-binding transcription activator activity, RNA polymerase II-specific	327	0.369148569465368	1.53316103890546	0.000146495928057884	0.0038195097764657	0.00311541302383967	3996	tags=31%, list=20%, signal=26%	KLF4/MAFB/NFKB2/CDX1/CREBRF/ZBTB16/GLIS2/PRDM16/RORB/TFAP2A/REL/IRF1/RUNX2/ESR1/PLAG1/TP53/KLF15/CREB3L1/EBF4/FOXO3/TFDP2/MEIS1/GLIS3/SATB2/SOX9/DDIT3/SIX5/DBP/SREBF1/PGR/GLI1/JUND/MEIS2/ZNF345/SALL2/NFIC/KLF13/CASZ1/OSR2/NFE2L1/ZNF395/BACH1/MEIS3/PRDM2/MAFG/MLXIP/NFKB1/SOX12/FOXL2/MZF1/FOXO4/NFAT5/SP100/SIX4/POU2F1/ETV6/NHLH1/ZNF212/ZNF76/PPARA/TBX19/RREB1/ELK3/CEBPB/NR2C2/MAF/PROX1/KLF7/ZNF71/AR/TFAP2E/ZNF580/SMAD3/HINFP/TFE3/ATF4/STAT5A/ZNF485/FOSL2/ELK4/FOXH1/STAT6/TFAP2B/MEF2A/SOX7/SP1/CARF/PAX9/HLF/ZNF292/OTX1/ZBTB7B/ZNF780B/IRF2/NFIA/NFIB/VEZF1/IRX3/CSRNP3/MEIS3P1/RFX2/RUNX1/JUNB
GO:0008649	rRNA methyltransferase activity	21	-0.750383376889239	-2.01222038761218	0.000171569397110545	0.00434723021692775	0.00354585232871904	3298	tags=71%, list=17%, signal=60%	TFB2M/MRM1/DIMT1/TRMT61B/METTL5/SPOUT1/MRM2/METTL15/FDXACB1/NOP2/TFB1M/FTSJ3/BUD23/FBL/EMG1
GO:0017056	structural constituent of nuclear pore	22	-0.722561845432795	-1.95144836172754	0.000191075183480807	0.00470021659977139	0.00383376843280262	3059	tags=68%, list=15%, signal=58%	NUP153/NUP133/NUTF2/NUP160/NUP54/NUP188/NUP85/NUP155/NUP58/NUP35/NUP107/NUP205/NUP88/NUP93/NDC1
GO:0015036	disulfide oxidoreductase activity	41	-0.623000002352605	-1.8951631806388	0.000193338537177922	0.00470021659977139	0.00383376843280262	4141	tags=63%, list=21%, signal=50%	CHCHD4/COA7/GSTO2/TXN/TXN2/PDIA3/STAB1/SCO2/NXN/TXNDC12/ERO1A/QSOX2/SELENOT/TXNL1/TXNRD1/TMX3/TXNRD2/PDIA6/PDIA4/GLRX2/TMX2/GSTO1/TMX1/PGK1/TXNDC17/GLRX
GO:0022836	gated channel activity	229	0.39888873940401	1.60018120340918	0.000210106883189429	0.00497345109023398	0.00405663428207845	3806	tags=24%, list=19%, signal=20%	CACNA1G/CACNB4/P2RX7/TPCN1/HCN3/CACNA2D4/CLCN6/CACNA2D3/KCNJ14/BEST4/CACNB2/TTYH3/KCNS2/GRIA3/ITPR3/GRIN2D/CHRFAM7A/CLCA2/KCNC3/TTYH2/SCNN1D/KCNMA1/KCNC4/KCNJ2/CLCN2/CACNA1B/GRIK2/GRIA1/ASIC3/HCN2/CACNB1/MCOLN2/MCOLN3/CACNA1C/P2RX6/PIEZO1/SLC1A5/KCND1/TRPV1/KCNK2/KCNS3/TMC7/KCNB1/CACNA1A/TMEM63B/CHRNB2/KCNIP2/MCOLN1/TMEM63A/GRIK5/CHRNA7/GRIN2C/CACHD1/CLCN5/CLCN4
GO:0035173	histone kinase activity	24	-0.722181828743712	-1.97605765884648	0.000220716522820943	0.00515674057863475	0.00420613578690901	1395	tags=38%, list=7%, signal=35%	PRKAA1/RPS6KA4/CHEK1/HASPIN/CDK2/VRK1/AURKA/BUB1/CDK1
GO:0140612	DNA damage sensor activity	24	-0.719144361290414	-1.96774644055533	0.000257347083505741	0.00578709254033534	0.00472028729482898	3078	tags=58%, list=16%, signal=49%	RAD23B/PMS1/MLH1/ERCC6/PMS2P1/PMS2P5/MSH6/RAD51C/MSH2/XRCC2/XRCC3/UHRF1/DMC1/RAD51
GO:0051087	protein-folding chaperone binding	122	-0.445981938555316	-1.66701965895871	0.000273583128819151	0.00607624751537843	0.0049561388118765	3601	tags=40%, list=18%, signal=33%	PRNP/OGDH/CYP2E1/HDAC8/PPID/STUB1/HIKESHI/PPP5C/DNAJA3/DNAJB4/HSPB6/TIMM9/DNAJB6/HYOU1/USP13/PFDN4/SOD1/DNAJA4/SLC25A17/HES1/BAK1/HSPA2/DNAJA2/DNLZ/DNAJA1/SUGT1/DNAJC2/AHSA1/METTL21A/SGTB/DNAJC8/PTGES3/GRPEL1/CTSC/HSPE1/CALR/PFDN6/WRAP53/TIMM10/HSPA5/BAG2/TBCA/SDF2L1/DNAJC9/HSPA8/HSPD1/CDC25A/BIRC5/CDK1
GO:0034062	5'-3' RNA polymerase activity	31	-0.659571988198503	-1.91348190038908	0.000315342046723293	0.00663194898629264	0.00540940106310052	4305	tags=61%, list=22%, signal=48%	POLR2L/POLR2E/MED21/TRNT1/POLR1B/POLR2H/PRIMPOL/POLR2J/POLR2C/POLR2I/POLR3B/POLR1C/POLR2F/POLR3F/POLR2K/POLR3K/PRIM2/POLR3G/PRIM1
GO:0140299	molecular sensor activity	69	-0.519994294267902	-1.78884638496328	0.000344768921920779	0.00706614188138034	0.00576355389406056	3078	tags=29%, list=16%, signal=25%	RAD23B/PMS1/MLH1/ERCC6/PMS2P1/MICU2/PMS2P5/MSH6/PARK7/MAP3K20/RAD51C/MSH2/SYT12/SYT15/XRCC2/XRCC3/TRPA1/UHRF1/DMC1/RAD51
GO:0004812	aminoacyl-tRNA ligase activity	22	-0.70578130489057	-1.90612856168965	0.000443500577660897	0.00848784616182929	0.00692317811040638	2326	tags=55%, list=12%, signal=48%	LRRC47/NARS2/LARS2/AARS2/MARS2/FARS2/EARS2/TARS2/YARS2/FARSA/DARS2/FARSB
GO:0016875	ligase activity, forming carbon-oxygen bonds	22	-0.70578130489057	-1.90612856168965	0.000443500577660897	0.00848784616182929	0.00692317811040638	2326	tags=55%, list=12%, signal=48%	LRRC47/NARS2/LARS2/AARS2/MARS2/FARS2/EARS2/TARS2/YARS2/FARSA/DARS2/FARSB
GO:0019843	rRNA binding	65	-0.535485480219636	-1.80941199860078	0.000463593271503128	0.00877899258351713	0.00716065396648599	5249	tags=65%, list=27%, signal=48%	ERAL1/RPS11/RPS3/FASTKD2/DDX55/RCC1L/PTCD3/RPL37/TACO1/NGRN/RPL11/UTP23/RPL12/RPL8/NOL12/RPS9/RPS18/CAVIN1/RPL23/MRPS18A/SBDS/RPL9/MRPL11/MRPS6/IMP4/NPM1/FASTKD5/GTF3A/RPF1/MRPL20/MRPL16/RPF2/MRPS18C/EMG1/MRPS17/MAP3K20/RRS1/ERI1/MRPS7/MRPL18/DDX21/BRIX1
GO:0180051	translation factor activity	78	-0.499740068690823	-1.74353150062305	0.000483371990361136	0.00905504012879364	0.00738581430592337	4034	tags=49%, list=20%, signal=39%	EIF3M/MTIF3/EIF4G1/ABCF1/EIF3K/EIF6/EIF2B1/EIF1AD/EIF3G/GSPT2/EEFSEC/EIF4E2/EIF3B/EIF5/DENR/EIF2S2/HBS1L/MTRF1L/EIF4H/EIF2B4/EIF2B5/EIF3I/EEF1B2/EIF1AY/TUFM/TSFM/GSPT1/EIF5B/GFM1/COPS5/EIF4E/EIF2B3/ETF1/EIF3J/MRPL58/EIF5A/EIF1AX/EIF2S1
GO:0000287	magnesium ion binding	213	-0.387217381975744	-1.54613575475337	0.000489734509666762	0.00905504012879364	0.00738581430592337	3003	tags=32%, list=15%, signal=28%	PGM1/YDJC/GSS/HACL1/OPA1/HMGCL/TDG/ATP8B4/MTPAP/CIB2/PPA2/AASDHPPT/PRPSAP2/NUDT5/ENDOG/TDP2/GNAI1/RHEB/PRPSAP1/ARF1/PDCD6/STK26/WEE1/NUDT12/IMPA1/ARL3/PRPS2/UBA2/STK3/CIB1/CDC123/SUCLA2/NLK/MSH6/TUFM/ENO1/REXO2/RPS6KA4/IDH3A/FIGNL1/PRPS1/GEN1/NT5C3A/MAP3K5/PDXP/RP2/FARSA/MAP3K20/PIF1/PLSCR1/NME1/MSH2/DCTPP1/SUCLG2/ENOPH1/RAN/DUT/PGM2/RPS6KA1/FARSB/HPRT1/RPS6KA6/CDK2/PRIM1/FEN1/PLK1/SPHK1/POLQ/TOP2A
GO:0031625	ubiquitin protein ligase binding	289	-0.351247228533894	-1.44129755332618	0.000493270668494595	0.00905504012879364	0.00738581430592337	3589	tags=31%, list=18%, signal=26%	FZD6/RRAGA/HSPA9/HLTF/PRKAR1A/RNF34/HSPA1B/NEDD8/NDUFS2/LAPTM4B/DERL1/IKBKG/ERLIN2/STUB1/SPOP/CKB/ELOB/EIF4E2/RPL23/HSPBP1/SLF2/UBE2W/UQCRC1/RBX1/CUL1/RHOBTB3/UBE2K/GABARAPL2/BLZF1/ERLIN1/FZD5/OTUB1/ACTG1/USP13/NAE1/PRKAR2B/USP2/HIF1A/RNF8/RANGAP1/RPA2/FANCL/NLK/DNM1L/TPI1/VCP/CUL2/FAF1/PSMD1/UBE2L3/PARP1/TRIB2/HSPA1A/SUMO2/HSP90AB1/YWHAZ/DNAJA1/SLC25A5/YWHAE/SUMO1/XRCC5/PSMA3/RB1/CALR/TCP1/CHEK2/WRAP53/RAD18/HSPA5/SMAD6/PRR5L/FZD4/CUL4B/CCT2/PA2G4/BAG2/UBASH3B/UBE2N/SLF1/HSPA8/HSPD1/CACYBP/UBE2T/TUBB/HSP90AA1/BRCA1/TUBA1B/AURKA/DIO2
GO:0140664	ATP-dependent DNA damage sensor activity	20	-0.74067977887942	-1.98703631992406	0.000498766002793019	0.00906343473762264	0.00739266143427398	2820	tags=60%, list=14%, signal=51%	PMS1/MLH1/ERCC6/PMS2P1/PMS2P5/MSH6/RAD51C/MSH2/XRCC2/XRCC3/DMC1/RAD51
GO:0032561	guanyl ribonucleotide binding	343	-0.343231656591561	-1.44093283705086	0.00052781944540653	0.00930928610084654	0.0075931920216378	3767	tags=32%, list=19%, signal=26%	ARF5/RAP2C/ARF3/LSG1/RRAGA/RAB1A/RABL6/RAB5A/RTCB/OPA1/RAC1/ARL13B/OLA1/RAC3/RAB1B/ARL16/ATL2/GSPT2/RAC2/EEFSEC/ARF4/SRPRA/RAB11A/ARL1/RAP1B/RAB2A/RHOB/EIF5/BMS1/ARL5B/RHOBTB1/DAP3/HBS1L/GNAI1/RHEB/RAB8A/KRAS/CDC42/UPRT/ARF1/ANXA6/ARL17B/GLUD1/GBP1/GMPPB/RHOA/TSR1/NKIRAS1/RAB26/SRP54/RAB27A/ARL5A/TUBA4A/ARL3/TUBB2B/GUF1/ARF6/RASL11A/MRAS/RAP1A/ARL9/TUFM/DNM1L/SRPRB/GNL3/RHOC/SEPHS1/GSPT1/EIF5B/EFTUD2/HRAS/REM1/GNAI3/GFM1/GPN1/SLC19A1/EHD4/RAB3A/GNL2/GFM2/RP2/GTPBP8/TUBA1A/UCP2/DYNC1LI1/NRAS/NOLC1/NME1/RNGTT/GTPBP4/GPN3/DRG1/SUCLG2/GUCY1A2/RAN/CGAS/ARL4A/FKBP4/TUBB6/TUBB3/TUBG1/TUBB/HSP90AA1/DIRAS3/TUBA1C/TUBB2A/TUBB4B/TUBA1B/TGM2
GO:0002020	protease binding	123	0.442966423475216	1.64097027793514	0.000662151871513447	0.0115651574451718	0.00943321112815273	2396	tags=24%, list=12%, signal=21%	TNFAIP3/DPP4/FAP/FN1/BDKRB2/ITGB3/COL3A1/SERPINF2/PRKN/COL1A1/CFLAR/LDLR/TP53/COL1A2/CST3/BANK1/BIN1/ECM1/SH3PXD2A/ITGAV/ATP9A/PSAP/RFFL/ELANE/CDK5R1/FAM20C/PTEN/TIMP2/TTN
GO:0008301	DNA binding, bending	15	-0.766584595543822	-1.90906483800722	0.00075068530269134	0.0129854121109781	0.010591652954977	746	tags=33%, list=4%, signal=32%	TOP1/HMGB3/HMGB1/HMGB2/TOP2A
GO:0015026	coreceptor activity	46	0.56798940692267	1.79871243841446	0.000826547236257805	0.0140279101700735	0.0114419746508777	5770	tags=50%, list=29%, signal=35%	KDR/IL17RC/ACKR3/ROR2/ITGB3/RGMA/TGFBR3/ITGAV/RGMB/PTK7/CD4/IL12RB1/GPC6/CSPG4/CDON/LRP4/RECK/NECTIN1/ERBB2/NRP1/NGFR/ROR1/IL6ST
GO:0004930	G protein-coupled receptor activity	294	0.360663230873719	1.48110600156177	0.000835261262433933	0.0140433178609219	0.0114545420544309	2239	tags=15%, list=11%, signal=13%	PTGFR/GPRC5B/EDNRB/HTR2A/ACKR3/GPR146/BDKRB2/OPRL1/ZNF219/SORCS2/ADGRA2/TAS2R3/RORB/FZD2/GPR27/GPR176/PDGFRB/PDGFRL/ACKR1/GPR63/GPR161/ACKR4/ADGRB2/ADGRL1/CELSR3/S1PR2/S1PR3/TAS2R4/ACKR2/C5AR1/GNRHR2/LGR4/CELSR2/PTH2R/FZD3/LTB4R2/F2RL2/GPR173/PTH1R/MRGPRF/GPR135/TAS2R5/SMO/SPHK2
GO:0000049	tRNA binding	69	-0.500204781898576	-1.72076795015681	0.000858145621547339	0.0141633392033364	0.0115524384011298	4273	tags=48%, list=22%, signal=38%	METTL1/XPO5/TRNT1/TRMU/YRDC/DTD2/RPL35A/TRNAU1AP/ELP3/EEFSEC/HSD17B10/NAT10/THUMPD3/PTRH1/DTD1/AARS2/ALKBH1/FARS2/EARS2/QTRT2/EIF1AY/NSUN2/EIF5B/AIMP1/DUS2/SLFN13/TRMT10C/CTU2/YARS2/FARSA/EIF1AX/DARS2/SSB
GO:0005525	GTP binding	323	-0.343724741421112	-1.43701957715991	0.000896174242400166	0.0145244816403414	0.0118470070545835	3767	tags=33%, list=19%, signal=27%	ARF5/RAP2C/ARF3/LSG1/RRAGA/RAB1A/RABL6/RAB5A/RTCB/OPA1/RAC1/ARL13B/OLA1/RAC3/RAB1B/ARL16/ATL2/GSPT2/RAC2/EEFSEC/ARF4/SRPRA/RAB11A/ARL1/RAP1B/RAB2A/RHOB/EIF5/BMS1/ARL5B/RHOBTB1/DAP3/HBS1L/GNAI1/RHEB/RAB8A/KRAS/CDC42/UPRT/ARF1/ANXA6/ARL17B/GLUD1/GBP1/GMPPB/RHOA/TSR1/NKIRAS1/RAB26/SRP54/RAB27A/ARL5A/TUBA4A/ARL3/TUBB2B/GUF1/ARF6/RASL11A/MRAS/RAP1A/ARL9/TUFM/DNM1L/SRPRB/GNL3/RHOC/SEPHS1/GSPT1/EIF5B/EFTUD2/HRAS/REM1/GNAI3/GFM1/GPN1/EHD4/RAB3A/GNL2/GFM2/RP2/GTPBP8/TUBA1A/NRAS/NOLC1/RNGTT/GTPBP4/GPN3/DRG1/SUCLG2/GUCY1A2/RAN/CGAS/ARL4A/FKBP4/TUBB6/TUBB3/TUBG1/TUBB/HSP90AA1/DIRAS3/TUBA1C/TUBB2A/TUBB4B/TUBA1B/TGM2
GO:0005044	scavenger receptor activity	26	0.664188164661738	1.88362102029027	0.00113500915663322	0.0182310845784211	0.0148703267325819	1174	tags=31%, list=6%, signal=29%	MEGF10/PRG4/ACKR3/LRP1/SCARF1/SCARB1/ACKR4/LGALS3BP
GO:0031491	nucleosome binding	56	-0.534742387630122	-1.74850805599231	0.00129736563383122	0.0197054098595408	0.016072871679705	2685	tags=46%, list=14%, signal=40%	SMARCA4/MTA2/RCC1/HDAC1/CHD1L/HMGN4/NOC2L/DNTTIP1/EED/HNRNPC/HMGN3/ACTR6/SUPT16H/PARP1/HMGN1/ACTB/SSRP1/NAP1L4/HDAC2/CGAS/PARP2/ACTL6A/HMGN2/HMGN5/VRK1/EZH2
GO:0030169	low-density lipoprotein particle binding	16	0.778296787031964	1.96561173423072	0.00133556831502159	0.0198999533158263	0.0162315525714648	990	tags=38%, list=5%, signal=36%	PCSK9/SCARF1/LDLR/CDH13/PLTP/SCARB1
GO:0015293	symporter activity	107	0.450691934634141	1.63696854226906	0.00133846267438298	0.0198999533158263	0.0162315525714648	3915	tags=36%, list=20%, signal=29%	SLC39A8/SLC39A14/SLC1A3/SLC6A9/SLC6A7/SLC6A6/SLC15A3/SLC46A3/SLC13A3/SLC11A2/SLC23A2/SLC5A3/SLC16A7/SLC10A7/CTNS/SLC6A16/SLC38A7/SLC46A1/SLC4A8/SLC12A8/SLC6A8/SLC6A15/SLC12A6/SLC12A9/SLC1A5/SLC4A11/SLC36A4/SLC1A4/SLC22A5/SLC36A1/SLC45A1/SLC4A5/SLC1A2/SLC2A13/SLC12A7/MFSD12/SLC45A2/SLC12A4
GO:0001968	fibronectin binding	29	0.654591586191299	1.89630395616686	0.00135396610304379	0.01996545097849	0.0162849762523127	1480	tags=34%, list=7%, signal=32%	TNFAIP6/LRRC15/MMP2/CTSS/ITGB3/CTSK/MFAP2/FBLN1/ITGAV/IGFBP5
GO:0015294	solute:monoatomic cation symporter activity	82	0.469338542961309	1.64616794199379	0.00157492760548651	0.0221351153302363	0.0180546799510543	3915	tags=34%, list=20%, signal=28%	SLC39A8/SLC39A14/SLC1A3/SLC6A9/SLC6A7/SLC6A6/SLC15A3/SLC13A3/SLC11A2/SLC23A2/SLC5A3/CTNS/SLC38A7/SLC46A1/SLC4A8/SLC12A8/SLC6A8/SLC6A15/SLC12A6/SLC12A9/SLC36A1/SLC45A1/SLC4A5/SLC1A2/SLC2A13/SLC12A7/SLC45A2/SLC12A4
GO:0050840	extracellular matrix binding	59	0.542425996786539	1.79441224330348	0.00182145597145766	0.0240354282261029	0.0196046850280491	1205	tags=31%, list=6%, signal=29%	OLFML2A/LRRC15/ELN/CTSS/ITGB3/TNXB/OLFML2B/LTBP2/COL11A1/AGRN/ADAMTS15/PXDN/NID1/BGN/AMBP/SPOCK1/GPC1/ITGAV
GO:0031492	nucleosomal DNA binding	25	-0.645025016818133	-1.78331357612551	0.00183162212519229	0.0240354282261029	0.0196046850280491	4311	tags=72%, list=22%, signal=56%	SMARCB1/SMARCE1/SMARCC1/CHD4/SMARCA4/MTA2/RCC1/HDAC1/HMGN4/HNRNPC/HMGN3/HMGN1/ACTB/HDAC2/ACTL6A/HMGN2/HMGN5/VRK1
GO:0003743	translation initiation factor activity	48	-0.540912541199299	-1.70901919038029	0.00185474368838233	0.0240354282261029	0.0196046850280491	4255	tags=54%, list=22%, signal=43%	DHX29/EIF3M/MTIF3/EIF4G1/EIF3K/EIF6/EIF2B1/EIF1AD/EIF3G/EIF4E2/EIF3B/EIF5/DENR/EIF2S2/EIF4H/EIF2B4/EIF2B5/EIF3I/EIF1AY/EIF5B/COPS5/EIF4E/EIF2B3/EIF3J/EIF1AX/EIF2S1
GO:0008201	heparin binding	138	0.415846889093639	1.57072245162948	0.00185287301988658	0.0240354282261029	0.0196046850280491	2583	tags=27%, list=13%, signal=23%	CXCL6/RSPO1/FN1/GPNMB/CCL8/SOD3/ECM2/PTCH1/COL5A3/NRP2/TNXB/LTBP2/SLIT3/ADAMTS15/ANG/TGFBR3/APOE/LAMC2/VEGFB/FBN1/POSTN/PCOLCE/PTPRS/FGFBP3/SAA1/PGF/THBS3/COLQ/IMPG2/ELANE/FGF12/VEGFA/APOB/FGF1/COL5A1/CEL/PF4
GO:0031072	heat shock protein binding	118	-0.420569079219904	-1.56040004070632	0.0017891161265064	0.0240354282261029	0.0196046850280491	3583	tags=41%, list=18%, signal=34%	OGDH/HSPA9/HSPA1B/CAMKMT/CYP2E1/HDAC8/PPID/STUB1/HIKESHI/LMAN2/PPP5C/DNAJA3/DNAJC6/METTL23/DNAJB6/GBP1/AHR/CDK5/HIF1A/DNAJA4/KPNB1/BAK1/HSPA2/TOMM34/FAF1/HSPA14/DNAJA2/HSPA1A/TFAM/DNAJC7/HSP90AB1/DNAJA1/CHORDC1/DNAJC2/AHSA1/METTL21A/SGTB/DNAJC8/PTGES3/PDXP/HDAC2/STIP1/HSPA5/FKBP4/BAG2/DNAJC9/HSPA8/CDK1
GO:0008168	methyltransferase activity	181	-0.377302061460596	-1.48300141423867	0.00174584310883841	0.0240354282261029	0.0196046850280491	3501	tags=30%, list=18%, signal=25%	CAMKMT/METTL6/RRP8/TFB2M/PRMT6/PRMT3/DPH5/MRM1/DIMT1/EEF1AKMT2/METTL23/ICMT/INMT/EEF1AKMT1/TGS1/COQ5/TRMT61B/METTL5/SPOUT1/MRM2/WDR5/METTL15/METTL14/THUMPD3/PRMT5/GAMT/EEF2KMT/TPMT/FDXACB1/NOP2/PRMT1/TFB1M/FTSJ1/NSUN2/FTSJ3/LCMT2/BUD23/FBL/PCMT1/NDUFAF5/TRMT10C/FAM98A/METTL21A/EMG1/TRMT112/DNMT1/SUV39H2/NSD2/FAM98B/NTMT1/DNMT3B/COQ3/SUV39H1/EZH2/TYMS
GO:0008821	crossover junction DNA endonuclease activity	6	-0.88861940780714	-1.74536512742212	0.00246609679559952	0.0301803274509084	0.0246168201436858	1287	tags=67%, list=7%, signal=62%	GEN1/RAD51C/XRCC3/EME1
GO:0016829	lyase activity	181	-0.37028133578503	-1.45540616054316	0.00275836381085782	0.0333486645363715	0.027201099068899	3644	tags=33%, list=18%, signal=27%	EHHADH/HACD2/HACL1/ACO2/CA9/UROD/USB1/NEIL2/HMGCL/AMD1/TYW1/HACD3/HSD17B4/KYAT3/UROS/NPL/ECHS1/ECHDC1/ADCY1/DDT/MGST2/UXS1/BST1/PISD/ME2/ADSL/SDSL/ALKBH1/GOT1/PPCDC/HCCS/DERA/HOGA1/TPI1/ENO1/FH/UMPS/PARK7/SHMT1/PAICS/TGDS/GLO1/XRCC5/HACD1/XRCC6/APIP/CENPV/NTHL1/GMDS/GGCT/TYW1B/GUCY1A2/POLB/PTS/ODC1/CHAC2/HMGB1/NEIL3/POLQ/CA2
GO:0008514	organic anion transmembrane transporter activity	226	0.355464138565528	1.42640890302839	0.00281757492603022	0.0337921152795225	0.027562803136043	2483	tags=21%, list=13%, signal=18%	SLC39A8/SLC43A2/SLC39A14/FABP3/SLC1A3/SLC6A9/SLC6A7/SLC16A2/SLC6A6/ABCC1/SLC7A14/SLCO3A1/SLC25A23/SLC2A6/SLC13A3/SLC22A3/SLCO2B1/SLC37A1/BEST4/ABCC3/GRIA3/SLC23A2/SERINC5/GRIN2D/SLC7A8/SLC25A12/SLC16A7/SLC47A1/CTNS/GRIK2/GRIA1/ASIC3/SFXN3/SLC38A7/SLC46A1/SLC27A1/SLC4A8/SLC6A8/SLC26A11/SLC25A42/SLC6A15/SLC43A1/SLC22A13/SLC2A14/SLC1A5/SLC4A11/SLC36A4
GO:0004032	aldose reductase (NADPH) activity	11	0.792725611417287	1.81319194143121	0.00300322659577544	0.0356749725538868	0.0290985703988287	2596	tags=64%, list=13%, signal=55%	AKR1B15/AKR1C1/AKR1B10/AKR1B1/AKR1C3/AKR1C2/ADH4
GO:0070530	K63-linked polyubiquitin modification-dependent protein binding	25	0.640498508544866	1.81827800410123	0.00309388646980902	0.0359090436076544	0.0292894922846436	1161	tags=24%, list=6%, signal=23%	TNFAIP3/OPTN/SQSTM1/TAB3/PARP10/WDR81
GO:0016538	cyclin-dependent protein serine/threonine kinase regulator activity	47	-0.542883853150834	-1.70888891263673	0.00309053737367071	0.0359090436076544	0.0292894922846436	1445	tags=34%, list=7%, signal=32%	CCNQ/CDK4/CASP3/CCNH/CCNC/CCND1/MNAT1/CDKN2D/CDKN2C/CCNF/CKS1B/CKS2/CCNE2/CCNA2/CCNB2/CCNB1
GO:0051959	dynein light intermediate chain binding	28	0.615736971807615	1.77273863310379	0.00348371583101493	0.0395098234774272	0.0322264965492721	4552	tags=54%, list=23%, signal=41%	RILP/DNHD1/DNAH5/DYNC2H1/DNAH7/RILPL1/DNAH1/CCDC88B/HOOK2/RAB11FIP3/DNAH11/DNAH2/DNAH10/DNAH12/DNAH14
GO:0003924	GTPase activity	294	-0.331185602479765	-1.36303326225433	0.0034719545753592	0.0395098234774272	0.0322264965492721	3767	tags=31%, list=19%, signal=26%	ARF5/RAP2C/ARF3/RGS10/AGAP11/LSG1/RRAGA/RAB1A/GNB1/RAB5A/OPA1/RAC1/ARL13B/RAC3/RAB1B/ARL16/ATL2/GSPT2/RAC2/EEFSEC/ARF4/SRPRA/RAB11A/ARL1/RAP1B/RAB2A/RHOB/BMS1/ARL5B/RHOBTB1/DAP3/RHOBTB3/HBS1L/GNAI1/RHEB/RAB8A/KRAS/CDC42/ARF1/ARL17B/GBP1/RHOA/TSR1/NKIRAS1/RAB26/RGS14/SRP54/RAB27A/ARL5A/ARL3/TUBB2B/GUF1/ARF6/ENTPD1/ENTPD7/RASL11A/MRAS/RAP1A/ARL9/TUFM/DNM1L/AGAP9/RHOC/GSPT1/EIF5B/EFTUD2/HRAS/REM1/GNAI3/GFM1/GPN1/ABCE1/RAB3A/GNL2/GFM2/NRAS/GTPBP4/GPN3/DRG1/RAN/ARHGDIB/ARL4A/TUBB6/TUBB3/GNG11/TUBB/RGS4/DIRAS3/TUBB2A/TUBB4B/TUBA1B/RGS2
GO:0043515	kinetochore binding	6	-0.878259108657495	-1.72501614034556	0.00361034516751642	0.0400926602244571	0.0327018919007011	456	tags=67%, list=2%, signal=65%	SPDL1/CENPH/CENPE/TTK
GO:0047024	5-alpha-androstane-3-beta,17-beta-diol dehydrogenase (NADP+) activity	5	0.892307040534327	1.60503670271271	0.00359401825316259	0.0400926602244571	0.0327018919007011	1516	tags=60%, list=8%, signal=55%	AKR1C1/HSD17B7/AKR1C3
GO:0016251	RNA polymerase II general transcription initiation factor activity	39	-0.559921115540267	-1.6914172537698	0.00400074871391144	0.0436099434043813	0.0355707914371771	4216	tags=51%, list=21%, signal=40%	TAF10/TAF7/GTF2E1/GTF2F1/GTF2H3/GTF2H2/TAF9B/CCNH/GTF2E2/BRF2/DRAP1/SNAPC5/GTF2B/TAF13/DR1/TAF12/GTF2H4/GTF2A2/GTF2F2/SNAPC1
GO:0140996	histone H3 kinase activity	12	-0.751772920383786	-1.7719716568976	0.00411062392898516	0.0442815116661335	0.0361185613426115	1395	tags=42%, list=7%, signal=39%	RPS6KA4/CHEK1/HASPIN/VRK1/AURKA
GO:0140359	ABC-type transporter activity	42	0.546612681371321	1.6893930507279	0.00416560494392575	0.0446066862745383	0.0363837925553415	4834	tags=52%, list=24%, signal=40%	ABCA9/ABCA6/ABCC1/ABCA10/ABCC3/ABCA7/ABCA3/TAP1/ABCC10/ATP13A1/SLC36A1/ABCA1/ABCA5/ABCC2/ABCA2/ABCC4/TAP2/ABCC5/ABCG4/ABCD4/ABCA4/ABCB1
GO:0015171	amino acid transmembrane transporter activity	83	0.46131565816155	1.61455625963679	0.00434232466911879	0.0462239176316254	0.0377028999610812	3624	tags=36%, list=18%, signal=30%	SLC43A2/SLC1A3/SLC6A9/SLC6A7/SLC16A2/SLC6A6/SLC7A14/GRIA3/SERINC5/GRIN2D/SLC7A8/SLC25A12/SLC47A1/CTNS/GRIK2/GRIA1/SFXN3/SLC38A7/SLC6A8/SLC6A15/SLC43A1/SLC1A5/SLC36A4/SLC7A7/SLC1A4/SLC36A1/SLC1A2/GRIK5/SLC7A11/GRIN2C
GO:0004523	RNA-DNA hybrid ribonuclease activity	6	-0.870329608131606	-1.70944156075145	0.00479794331748457	0.0496063220008893	0.0404617845406745	165	tags=67%, list=1%, signal=66%	RNASEH1/RNASEH2A/FEN1/EXO1
